PromptID,Generation,Similarity,WordCount,Vocabulary
0,0,1.0,5,5
0,1,0.9799756,4,4
0,2,0.34320053,13,13
0,3,0.11555778,14,12
0,4,0.1136239,6,6
0,5,0.022422403,11,10
0,6,0.0102092605,4,4
0,7,0.0102092605,4,4
0,8,0.015596463,6,5
0,9,0.016592376,11,9
0,10,-0.00088774133,21,15
0,11,-0.03278592,10,9
0,12,-0.018146098,5,5
0,13,0.02397176,8,8
0,14,0.05499746,3,3
0,15,0.05749993,14,13
1,0,1.0000001,11,11
1,1,0.69599164,7,7
1,2,0.50193286,6,6
1,3,0.4358244,4,4
1,4,0.4358244,4,4
1,5,0.29311818,4,4
1,6,0.19243859,6,6
1,7,-0.040209234,9,7
1,8,0.018163525,10,10
1,9,-0.05903634,15,14
1,10,0.039670683,18,14
1,11,0.0085651055,7,7
1,12,0.03153967,14,12
1,13,0.021154001,10,9
1,14,0.062310096,4,4
1,15,0.06700053,4,4
2,0,1.0000001,10,10
2,1,0.890219,12,11
2,2,0.56010425,9,9
2,3,0.59100056,5,5
2,4,0.039118245,9,9
2,5,0.027878193,6,6
2,6,-0.011294389,12,12
2,7,0.13804232,6,5
2,8,0.089293465,5,4
2,9,0.0020722412,8,8
2,10,0.06242145,3,3
2,11,0.08225744,6,6
2,12,-0.0029777512,12,11
2,13,0.050837148,14,10
2,14,0.10586586,9,8
2,15,0.061670385,7,6
3,0,1.0,9,9
3,1,0.9774747,9,9
3,2,0.82363784,10,10
3,3,0.40519375,12,12
3,4,0.5009774,11,10
3,5,0.17963965,3,3
3,6,0.19816285,6,6
3,7,0.10467969,12,10
3,8,0.16311401,15,11
3,9,0.20397848,16,14
3,10,0.09840387,12,11
3,11,0.117862575,13,12
3,12,0.078040265,7,7
3,13,0.03705655,19,17
3,14,0.052780367,12,10
3,15,0.05383584,12,10
4,0,1.0,5,5
4,1,0.24077998,2,2
4,2,0.11973707,9,9
4,3,0.045547023,9,9
4,4,0.012490351,12,11
4,5,0.004281657,13,12
4,6,0.050816298,13,12
4,7,0.06057931,10,10
4,8,0.049459007,10,10
4,9,0.049459007,10,10
4,10,0.051077295,10,10
4,11,0.015145723,13,13
4,12,0.08042809,9,8
4,13,0.07068973,6,5
4,14,0.03193863,6,6
4,15,-0.0055659693,10,9
5,0,1.0000002,7,7
5,1,0.5732118,8,7
5,2,0.593287,11,11
5,3,0.25996774,9,9
5,4,-0.04332207,11,11
5,5,0.005395565,15,14
5,6,0.052524123,11,10
5,7,0.07739476,7,7
5,8,-0.055636764,4,4
5,9,-0.055636764,4,4
5,10,-0.06021558,7,6
5,11,0.023682918,6,6
5,12,0.09546445,8,8
5,13,0.03927052,8,8
5,14,0.06590905,9,9
5,15,0.10443179,16,15
6,0,1.0,5,5
6,1,0.6139629,19,15
6,2,0.6055428,12,11
6,3,0.7304272,7,7
6,4,0.6910496,8,8
6,5,0.38360918,8,8
6,6,0.5409175,21,16
6,7,0.5957264,7,7
6,8,0.44562516,12,12
6,9,0.5875107,12,11
6,10,0.40010983,13,12
6,11,0.6183226,10,10
6,12,0.6183226,10,10
6,13,0.56471777,13,13
6,14,0.6054709,10,10
6,15,0.6447605,8,7
7,0,1.0,8,8
7,1,0.6698022,15,15
7,2,0.5668405,27,25
7,3,0.3757363,10,10
7,4,0.25973392,15,14
7,5,0.20283657,6,6
7,6,0.207826,11,10
7,7,0.17738259,9,9
7,8,0.13653842,15,14
7,9,0.107300036,17,15
7,10,0.054452278,13,12
7,11,0.04439269,13,12
7,12,0.043513924,13,12
7,13,-0.024164999,10,9
7,14,-0.015744694,7,6
7,15,-0.03642181,15,14
8,0,1.0000001,6,6
8,1,0.5874114,6,6
8,2,0.5874114,6,6
8,3,0.46445665,6,6
8,4,0.45752448,6,6
8,5,0.16407964,11,11
8,6,0.102247134,13,9
8,7,0.025278099,13,10
8,8,0.012371718,13,11
8,9,0.014692677,6,6
8,10,0.001995435,7,7
8,11,-0.017306585,12,9
8,12,-0.014977974,17,10
8,13,-0.019364972,12,7
8,14,-0.028409954,10,9
8,15,0.005515134,6,5
9,0,1.0,7,7
9,1,1.0,7,7
9,2,1.0,7,7
9,3,0.47649497,11,10
9,4,0.33961403,13,12
9,5,0.29361215,9,9
9,6,0.29361215,9,9
9,7,0.26059288,7,7
9,8,0.21359119,7,7
9,9,0.29976124,9,9
9,10,0.13723679,11,10
9,11,0.17673028,11,11
9,12,0.20748436,8,8
9,13,0.19113298,11,11
9,14,0.16493326,5,5
9,15,0.12072762,9,9
10,0,1.0000002,4,4
10,1,0.8280503,8,8
10,2,0.4290647,12,12
10,3,0.63486165,8,7
10,4,0.546157,8,7
10,5,0.330699,9,9
10,6,0.2683701,9,8
10,7,0.24012758,11,11
10,8,0.2780166,12,11
10,9,0.28741878,11,10
10,10,0.28741878,11,10
10,11,0.29619476,10,8
10,12,0.2702471,15,14
10,13,0.33465055,6,5
10,14,0.38859832,8,7
10,15,0.41764894,9,8
11,0,1.0,8,8
11,1,0.6584682,9,7
11,2,0.75622064,8,6
11,3,0.6714072,6,6
11,4,0.3217749,5,5
11,5,0.58148146,3,3
11,6,0.6351632,8,7
11,7,0.48820427,10,10
11,8,0.48776168,13,11
11,9,0.3951203,2,2
11,10,0.3951203,2,2
11,11,0.3951203,2,2
11,12,0.3951203,2,2
11,13,0.2273447,8,8
11,14,0.20014524,9,9
11,15,0.071713015,7,7
12,0,1.0,16,15
12,1,0.65308976,11,10
12,2,0.51477635,14,12
12,3,0.33924896,16,16
12,4,0.45836544,9,9
12,5,0.48129097,12,12
12,6,0.47965747,12,12
12,7,0.47475687,11,11
12,8,0.334587,7,7
12,9,0.334587,7,7
12,10,0.27373973,7,7
12,11,0.29718047,9,9
12,12,0.19767189,10,8
12,13,0.26598537,5,5
12,14,-0.0515304,7,6
12,15,-0.0685599,10,7
13,0,1.0000001,16,12
13,1,0.6311276,7,7
13,2,0.6072131,12,11
13,3,0.5734208,14,13
13,4,0.50236285,13,11
13,5,0.3761906,22,14
13,6,0.3761906,22,14
13,7,0.64766884,10,9
13,8,0.43103853,16,15
13,9,0.3041906,11,10
13,10,0.23853192,10,9
13,11,0.09791581,8,8
13,12,0.14228606,5,5
13,13,0.12009541,6,6
13,14,0.15188031,7,6
13,15,0.15188031,7,6
14,0,1.0,13,11
14,1,0.92356384,10,10
14,2,0.92356384,10,10
14,3,0.6737068,11,9
14,4,0.53129244,6,6
14,5,0.6085309,11,11
14,6,0.3268968,19,17
14,7,0.12486469,16,11
14,8,0.08617796,7,7
14,9,0.12099595,6,6
14,10,0.11309237,6,6
14,11,0.09152328,8,7
14,12,0.11797247,7,7
14,13,0.076235116,7,7
14,14,0.01989856,12,10
14,15,0.014519326,10,8
15,0,1.0000001,15,14
15,1,0.49980485,14,12
15,2,0.49980485,14,12
15,3,0.49980485,14,12
15,4,0.5175262,9,9
15,5,0.50164616,10,10
15,6,0.41778946,9,8
15,7,0.43100876,8,8
15,8,0.25776443,2,2
15,9,-0.05911366,7,7
15,10,-0.026865056,7,7
15,11,-0.03750769,11,10
15,12,-0.05849933,9,9
15,13,-0.023955375,13,12
15,14,-0.02615055,13,12
15,15,0.055091724,8,8
16,0,1.0000001,11,9
16,1,0.6347624,26,20
16,2,0.33809093,18,17
16,3,0.040122315,7,7
16,4,0.058209296,14,9
16,5,0.07338236,10,10
16,6,0.0496145,3,3
16,7,0.017584883,8,7
16,8,0.021137875,9,7
16,9,-0.019017266,10,10
16,10,-0.014356149,11,10
16,11,-0.10401748,15,15
16,12,0.12169097,11,10
16,13,0.0674842,11,11
16,14,0.02597129,12,11
16,15,0.031679705,12,11
17,0,1.0000002,11,11
17,1,0.97738016,11,11
17,2,0.63997304,17,15
17,3,0.6689917,11,11
17,4,0.6192765,12,12
17,5,0.6563567,9,9
17,6,0.42206603,13,12
17,7,0.36178684,12,12
17,8,0.25066003,11,11
17,9,0.3184284,14,12
17,10,0.2534632,11,9
17,11,0.20735818,5,5
17,12,0.17234828,6,6
17,13,0.16413347,7,7
17,14,0.2309899,8,8
17,15,0.12902156,3,3
18,0,1.0,8,7
18,1,0.08964819,15,13
18,2,0.18270336,17,14
18,3,0.03785157,9,9
18,4,0.037941568,11,10
18,5,-0.039987534,13,11
18,6,-0.06108076,9,9
18,7,0.03313432,21,14
18,8,0.012606142,10,9
18,9,-0.030198377,11,10
18,10,0.056637827,9,7
18,11,0.070459075,7,7
18,12,0.04374529,7,7
18,13,0.04337257,11,11
18,14,0.0728863,8,8
18,15,0.06296077,5,5
19,0,1.0,15,14
19,1,0.7643344,14,14
19,2,0.7573867,15,15
19,3,0.7600234,16,16
19,4,0.7600234,16,16
19,5,0.7600234,16,16
19,6,0.65032583,12,12
19,7,0.56828165,14,13
19,8,0.39195347,8,8
19,9,0.39195347,8,8
19,10,0.47188696,7,7
19,11,0.47188696,7,7
19,12,0.44581735,17,16
19,13,0.4449242,11,11
19,14,-0.04267867,5,5
19,15,-0.04267867,5,5
20,0,1.0,17,16
20,1,0.38882595,7,6
20,2,0.15108104,7,7
20,3,-0.020323398,6,6
20,4,0.16284548,2,2
20,5,0.16284548,2,2
20,6,0.106905386,2,2
20,7,0.099256456,3,3
20,8,0.047876067,8,7
20,9,0.057027496,7,7
20,10,0.09622951,6,5
20,11,0.1057648,9,9
20,12,0.04438728,14,12
20,13,0.06563294,14,12
20,14,0.053833198,11,10
20,15,0.059945107,14,13
21,0,1.0000001,27,19
21,1,0.48320568,15,14
21,2,0.4829353,18,13
21,3,0.5596292,10,10
21,4,0.3829499,8,7
21,5,0.10616266,6,6
21,6,0.012764733,6,6
21,7,0.018280517,7,7
21,8,-0.066299096,8,8
21,9,-0.058800057,10,10
21,10,-0.036850587,11,10
21,11,-0.036850587,11,10
21,12,-0.058800057,10,10
21,13,-0.058800057,10,10
21,14,-0.03911225,11,11
21,15,0.2461069,7,7
22,0,1.0,44,23
22,1,1.0,44,23
22,2,0.9034546,22,18
22,3,0.518723,8,8
22,4,0.518723,8,8
22,5,0.5007107,6,6
22,6,0.41195393,5,5
22,7,0.41195393,5,5
22,8,0.23354465,7,7
22,9,0.18891737,9,8
22,10,0.118542805,5,5
22,11,0.051045105,5,5
22,12,0.035554994,8,8
22,13,0.13944201,11,11
22,14,0.00516391,18,17
22,15,0.17846362,14,13
23,0,1.0,20,17
23,1,0.7400496,13,12
23,2,0.5548284,20,17
23,3,0.5548284,20,17
23,4,0.12301134,4,4
23,5,0.012443256,15,13
23,6,0.083870515,7,7
23,7,0.054248646,3,3
23,8,0.054248646,3,3
23,9,-0.009325191,5,5
23,10,-0.0028181449,4,4
23,11,-0.030050501,15,12
23,12,-0.010240216,5,5
23,13,-0.0014865734,8,8
23,14,0.01603438,10,10
23,15,0.0147830695,9,9
24,0,1.0,5,5
24,1,0.5605059,12,11
24,2,0.6772842,11,11
24,3,0.53712016,9,9
24,4,0.5695002,13,12
24,5,0.27097282,11,11
24,6,0.17985584,12,12
24,7,0.15583706,18,12
24,8,0.13495779,15,10
24,9,0.12631902,18,10
24,10,0.17079866,9,8
24,11,0.25960112,7,6
24,12,0.09160671,12,10
24,13,0.09099248,13,11
24,14,0.2104818,7,7
24,15,0.16587435,11,10
25,0,1.0,7,7
25,1,0.77842915,9,9
25,2,0.48921776,22,17
25,3,0.43965483,25,20
25,4,0.43965483,25,20
25,5,0.43965483,25,20
25,6,0.509074,2,2
25,7,0.44979113,2,2
25,8,0.44979113,2,2
25,9,0.44979113,2,2
25,10,0.44979113,2,2
25,11,0.44979113,2,2
25,12,0.44979113,2,2
25,13,0.44979113,2,2
25,14,0.44979113,2,2
25,15,0.44979113,2,2
26,0,1.0000002,14,7
26,1,0.94777405,7,6
26,2,0.7254287,8,8
26,3,0.41019672,7,7
26,4,0.41019672,7,7
26,5,0.16031647,12,12
26,6,0.16031647,12,12
26,7,0.12450867,9,9
26,8,0.08896406,14,13
26,9,0.030962719,8,8
26,10,-0.115619026,3,3
26,11,-0.026815623,13,10
26,12,0.022668187,7,7
26,13,0.0154841,10,10
26,14,-0.013133113,13,13
26,15,-0.021977296,9,9
27,0,1.0000001,18,17
27,1,0.65799046,9,9
27,2,0.44461775,15,13
27,3,0.44461775,15,13
27,4,0.38973007,17,15
27,5,0.3469622,7,7
27,6,0.22958118,8,7
27,7,0.22133452,7,7
27,8,0.22133452,7,7
27,9,0.24867505,8,8
27,10,0.24867505,8,8
27,11,0.24867505,8,8
27,12,0.24867505,8,8
27,13,0.24867505,8,8
27,14,0.24867505,8,8
27,15,0.0768567,10,10
28,0,1.0000001,10,9
28,1,0.37306648,8,7
28,2,0.39036053,6,6
28,3,0.3740814,5,5
28,4,0.41058603,5,5
28,5,0.41058603,5,5
28,6,0.41058603,5,5
28,7,0.3719191,5,5
28,8,0.050221343,4,4
28,9,0.0230609,4,4
28,10,-0.034852378,13,10
28,11,-0.023599908,11,9
28,12,-0.11968419,9,9
28,13,-0.13889375,9,9
28,14,-0.10589301,4,4
28,15,-0.07214529,4,4
29,0,0.9999999,16,14
29,1,0.9083096,12,11
29,2,0.7438302,15,13
29,3,0.72272944,13,12
29,4,0.5417275,18,15
29,5,0.46519527,14,13
29,6,0.4652499,13,13
29,7,0.46414563,8,8
29,8,0.5125499,9,9
29,9,0.015282484,6,5
29,10,0.023567203,10,9
29,11,0.05064904,6,6
29,12,0.07419982,9,9
29,13,0.015857311,5,5
29,14,0.037470452,8,7
29,15,0.1393843,7,7
30,0,0.99999994,27,21
30,1,0.5883174,13,12
30,2,0.31974936,17,17
30,3,0.24164817,11,11
30,4,0.3661701,8,7
30,5,0.2662584,14,11
30,6,0.12282982,12,11
30,7,0.10324458,22,19
30,8,0.1352922,21,16
30,9,0.15293753,9,6
30,10,0.11519356,5,5
30,11,0.15913291,9,9
30,12,0.22536126,16,13
30,13,0.12791152,4,4
30,14,0.3150975,13,13
30,15,0.08302282,13,11
31,0,1.0,25,21
31,1,1.0,25,21
31,2,0.2960235,8,8
31,3,0.077974945,7,7
31,4,0.08564128,7,7
31,5,0.23838672,10,10
31,6,0.017408518,6,5
31,7,0.09756194,3,3
31,8,0.035544865,5,5
31,9,0.056692753,7,7
31,10,0.019541726,6,6
31,11,0.02406675,12,11
31,12,-0.02241652,15,15
31,13,0.011649722,15,10
31,14,-0.026777549,14,14
31,15,-0.0466662,13,13
32,0,1.0,19,18
32,1,0.6747494,22,17
32,2,0.57648623,4,4
32,3,0.33200738,11,9
32,4,0.25884145,8,8
32,5,0.062186718,15,11
32,6,-0.023513947,8,8
32,7,-0.041924745,10,10
32,8,-0.014582459,9,9
32,9,0.05787623,12,10
32,10,0.051843517,9,8
32,11,-0.008186052,7,7
32,12,0.040092863,10,9
32,13,0.049806572,8,8
32,14,0.03375631,9,7
32,15,0.024932407,14,11
33,0,1.0000002,7,7
33,1,0.9641645,7,7
33,2,0.58920646,12,12
33,3,0.23986024,7,6
33,4,0.12207865,18,16
33,5,0.18294846,7,7
33,6,0.202141,10,9
33,7,0.11938663,13,11
33,8,0.1170982,12,11
33,9,0.104990646,4,4
33,10,0.06265622,9,9
33,11,-0.049244884,7,7
33,12,0.0039604735,6,6
33,13,0.018846191,6,6
33,14,0.014232021,6,5
33,15,0.2124078,9,9
34,0,0.9999999,11,11
34,1,0.7163912,12,10
34,2,0.56691766,7,6
34,3,0.56691766,7,6
34,4,0.56691766,7,6
34,5,0.56691766,7,6
34,6,0.4223143,8,8
34,7,0.4223143,8,8
34,8,0.45345172,7,7
34,9,0.40310088,6,6
34,10,0.38677037,9,9
34,11,0.33915335,10,10
34,12,0.28047895,12,12
34,13,0.26028445,11,11
34,14,0.26028445,11,11
34,15,0.26028445,11,11
35,0,1.0,11,10
35,1,0.3715077,9,8
35,2,0.3715077,9,8
35,3,0.22400174,11,11
35,4,0.45517197,12,10
35,5,0.48375452,10,10
35,6,0.44822577,9,9
35,7,0.44822577,9,9
35,8,0.44822577,9,9
35,9,0.44014767,9,9
35,10,0.22230992,11,10
35,11,0.36596042,8,7
35,12,0.122616805,7,7
35,13,0.0867413,6,6
35,14,0.013444524,15,13
35,15,-0.0010534916,12,10
36,0,1.0,8,7
36,1,0.5834745,7,7
36,2,0.14226972,8,8
36,3,0.09850022,8,7
36,4,0.19250938,4,4
36,5,0.19845717,8,8
36,6,0.06588888,15,14
36,7,0.052154034,10,9
36,8,0.1877705,3,3
36,9,0.06966725,4,4
36,10,0.092512175,11,11
36,11,0.16808304,6,6
36,12,0.16673431,6,6
36,13,0.21531245,10,8
36,14,0.07177162,12,12
36,15,0.09458252,10,10
37,0,1.0,15,15
37,1,0.6000626,10,10
37,2,0.3507613,12,8
37,3,0.3507613,12,8
37,4,0.3507613,12,8
37,5,0.3507613,12,8
37,6,0.3507613,12,8
37,7,0.3856181,5,5
37,8,0.4414657,5,5
37,9,0.21392566,3,3
37,10,0.19197097,3,3
37,11,0.14355108,8,7
37,12,0.1284259,12,11
37,13,0.10998513,15,12
37,14,0.06183457,13,11
37,15,0.07854043,12,11
38,0,1.0,5,5
38,1,0.5012722,13,13
38,2,0.4569261,8,8
38,3,0.4550628,6,6
38,4,0.34491867,3,3
38,5,0.33373308,10,10
38,6,0.33033764,10,10
38,7,0.29920462,7,6
38,8,0.38519865,6,5
38,9,0.34081876,7,7
38,10,0.3591945,7,7
38,11,0.20876157,9,8
38,12,0.17960504,18,15
38,13,0.2007482,15,13
38,14,0.27730432,7,7
38,15,0.29100856,7,6
39,0,1.0,15,13
39,1,0.48622835,9,9
39,2,0.12944318,8,8
39,3,-0.026327413,7,7
39,4,-0.026046172,17,12
39,5,-0.05105201,10,10
39,6,0.059731197,7,7
39,7,0.0046302383,13,12
39,8,0.034857742,9,9
39,9,0.03375135,11,10
39,10,0.01348019,8,8
39,11,0.041941892,6,6
39,12,0.018283468,3,3
39,13,0.010414285,7,7
39,14,-0.011478944,8,7
39,15,-0.044144034,13,11
40,0,1.0000001,11,10
40,1,0.7425128,19,16
40,2,0.68278515,16,14
40,3,0.68278515,16,14
40,4,0.68278515,16,14
40,5,0.68278515,16,14
40,6,0.68278515,16,14
40,7,0.11621164,9,9
40,8,0.25554574,9,9
40,9,0.262282,9,9
40,10,-0.037044752,6,6
40,11,0.08705359,5,5
40,12,0.2763729,5,5
40,13,0.10519308,7,7
40,14,0.013248589,8,8
40,15,0.028037291,10,10
41,0,1.0000002,23,15
41,1,0.7992027,12,10
41,2,0.82425773,13,13
41,3,0.6177343,24,13
41,4,0.62425303,21,11
41,5,0.62425303,21,11
41,6,0.3021658,8,8
41,7,0.26199067,13,13
41,8,0.07741101,3,3
41,9,0.18041655,8,8
41,10,0.16929299,17,13
41,11,0.17423216,10,9
41,12,0.17423216,10,9
41,13,0.18581969,10,8
41,14,0.067609,4,4
41,15,0.094949745,10,8
42,0,1.0000002,15,15
42,1,0.38189435,6,6
42,2,-0.05411726,4,4
42,3,0.029073741,5,5
42,4,0.029073741,5,5
42,5,-0.03462538,3,3
42,6,-0.062369417,5,5
42,7,0.024095826,5,5
42,8,0.049431354,10,10
42,9,0.08688471,15,13
42,10,0.11567688,7,7
42,11,0.11567688,7,7
42,12,0.08258329,16,15
42,13,0.042437095,9,9
42,14,0.028358992,8,8
42,15,0.088688,10,9
43,0,0.9999999,5,5
43,1,0.38042918,5,5
43,2,0.27179006,14,13
43,3,0.32589337,12,12
43,4,0.32470593,15,11
43,5,0.32470593,15,11
43,6,0.32470593,15,11
43,7,0.22003394,14,11
43,8,0.11261313,3,3
43,9,0.055035938,11,9
43,10,0.03816932,12,9
43,11,0.014263794,12,12
43,12,0.03294053,11,10
43,13,-0.008454446,11,9
43,14,-0.019619517,11,8
43,15,0.031560842,6,5
44,0,1.0,6,6
44,1,0.8855054,17,17
44,2,0.60141385,8,7
44,3,0.508898,7,7
44,4,0.5179362,12,11
44,5,0.5179362,12,11
44,6,0.5179362,12,11
44,7,0.4967844,7,7
44,8,0.4967844,7,7
44,9,0.26809236,4,4
44,10,0.17089337,6,6
44,11,0.18763527,7,6
44,12,0.17511238,24,20
44,13,0.15600294,6,6
44,14,0.20360002,5,5
44,15,0.21190336,5,5
45,0,1.0000001,15,14
45,1,0.9356884,15,14
45,2,0.4418589,2,2
45,3,0.40876383,2,2
45,4,0.40876383,2,2
45,5,0.40876383,2,2
45,6,0.40876383,2,2
45,7,0.40876383,2,2
45,8,0.15512654,9,8
45,9,0.06605368,8,7
45,10,-0.0025516907,11,9
45,11,-0.0033773668,9,7
45,12,0.008984748,9,9
45,13,-0.0053130537,13,11
45,14,-0.036623802,10,7
45,15,-0.0030477531,8,7
46,0,1.0,15,12
46,1,0.6502478,14,12
46,2,0.5703292,21,18
46,3,0.2462053,16,14
46,4,-0.10611868,10,10
46,5,-0.061549317,11,11
46,6,0.1144754,9,9
46,7,0.010692633,10,10
46,8,0.0017185714,14,13
46,9,0.010258388,14,13
46,10,-0.048451502,11,10
46,11,-0.07204317,11,8
46,12,0.024505902,6,5
46,13,0.024505902,6,5
46,14,-0.0032155728,8,8
46,15,0.028229449,9,8
47,0,1.0000002,14,14
47,1,0.7389051,14,14
47,2,0.7071096,10,10
47,3,0.39285585,2,2
47,4,0.4148766,2,2
47,5,0.4148766,2,2
47,6,0.4148766,2,2
47,7,0.4148766,2,2
47,8,0.4148766,2,2
47,9,0.4148766,2,2
47,10,0.4148766,2,2
47,11,0.4148766,2,2
47,12,0.4148766,2,2
47,13,0.4148766,2,2
47,14,0.4148766,2,2
47,15,0.4148766,2,2
48,0,0.99999976,18,15
48,1,0.41528338,7,7
48,2,0.12098226,4,4
48,3,0.16759561,4,4
48,4,0.16759561,4,4
48,5,0.08324814,7,6
48,6,0.08471364,8,7
48,7,-0.024867537,8,6
48,8,0.11472626,7,6
48,9,0.14999849,5,5
48,10,0.12605034,9,9
48,11,0.09014202,5,5
48,12,0.035700127,5,5
48,13,0.054674905,8,8
48,14,0.054674905,8,8
48,15,0.18511641,8,8
49,0,1.0,27,20
49,1,1.0,27,20
49,2,0.45393556,14,13
49,3,0.12757984,14,14
49,4,0.018637659,5,5
49,5,-0.0005096053,5,5
49,6,-0.01784639,14,11
49,7,0.027085075,9,8
49,8,-0.005364798,13,11
49,9,0.000585828,7,7
49,10,0.114830695,6,6
49,11,0.012824919,7,7
49,12,0.09512717,6,6
49,13,0.050566487,6,5
49,14,0.050566487,6,5
49,15,-0.032124735,10,9
50,0,1.0,13,12
50,1,0.9347867,14,14
50,2,0.68215257,8,8
50,3,0.5029626,9,9
50,4,0.42835224,9,9
50,5,0.32101566,7,7
50,6,0.06067992,20,15
50,7,0.048181944,16,13
50,8,0.057618007,7,6
50,9,0.22867405,7,7
50,10,0.06322015,8,8
50,11,-0.042933553,10,10
50,12,-0.04677871,11,11
50,13,0.031191774,12,12
50,14,0.049969997,15,13
50,15,0.13524793,9,8
51,0,1.0000001,6,6
51,1,0.6195431,4,4
51,2,0.13424131,4,4
51,3,0.18039078,13,12
51,4,0.13024746,6,6
51,5,0.11852699,6,5
51,6,0.08215036,17,15
51,7,0.08732479,15,14
51,8,0.10141924,13,9
51,9,0.07129728,8,7
51,10,0.0121762585,6,6
51,11,-0.04045584,11,10
51,12,0.024881253,12,10
51,13,0.013413055,6,6
51,14,0.006145629,13,11
51,15,0.011019943,7,7
52,0,0.9999998,10,9
52,1,0.5337217,14,12
52,2,0.52147204,9,9
52,3,0.016645402,3,3
52,4,-0.0076815747,3,3
52,5,-0.033180945,7,7
52,6,-0.033735827,7,7
52,7,-0.047644176,6,5
52,8,-0.05562593,9,8
52,9,-0.094627716,10,10
52,10,-0.029478507,7,7
52,11,-0.029478507,7,7
52,12,-0.027502451,6,5
52,13,-0.055724412,6,5
52,14,-0.056079354,6,5
52,15,-0.05953581,11,10
53,0,0.9999999,8,8
53,1,0.7108209,13,13
53,2,0.2333242,16,15
53,3,0.09693377,9,9
53,4,0.108962335,13,12
53,5,0.09215033,9,8
53,6,0.02019779,12,10
53,7,0.05879498,12,12
53,8,0.09209331,9,9
53,9,0.061473403,9,9
53,10,0.1286684,10,9
53,11,0.03210353,7,7
53,12,0.051681787,13,11
53,13,0.060978767,7,7
53,14,0.041591115,8,7
53,15,0.08711162,10,10
54,0,0.99999994,10,10
54,1,0.7607845,14,12
54,2,0.75276756,13,13
54,3,0.3953378,11,10
54,4,0.10408635,11,10
54,5,-0.00060771033,11,10
54,6,0.018335791,9,9
54,7,0.016586108,9,8
54,8,0.007809056,10,8
54,9,0.032507323,8,8
54,10,0.049569942,4,4
54,11,-0.010833656,11,10
54,12,0.0188337,4,4
54,13,0.05166727,8,7
54,14,0.12492128,6,6
54,15,0.04040821,9,9
55,0,1.0000001,8,8
55,1,0.38626283,22,19
55,2,0.28829366,18,15
55,3,0.26658654,17,14
55,4,0.4428007,5,5
55,5,0.457297,6,6
55,6,0.41426122,9,9
55,7,0.2531131,22,19
55,8,0.16263664,23,18
55,9,0.23233646,8,8
55,10,0.22185746,14,13
55,11,0.18779019,12,12
55,12,0.13258749,8,6
55,13,-0.038486965,10,10
55,14,-0.09767342,6,6
55,15,-0.032705147,9,8
56,0,0.9999999,9,9
56,1,0.29409575,7,7
56,2,0.48191229,7,7
56,3,0.41659856,5,5
56,4,0.39130026,5,5
56,5,0.30915785,5,5
56,6,0.32712674,13,12
56,7,0.32551572,13,13
56,8,0.33410898,17,15
56,9,0.30396008,22,17
56,10,0.345939,17,17
56,11,0.41895264,15,12
56,12,0.3530671,5,5
56,13,0.30085737,5,5
56,14,0.2940892,5,5
56,15,0.3794704,6,6
57,0,1.0000001,4,4
57,1,0.68783027,6,6
57,2,0.24686456,4,4
57,3,0.1463322,4,4
57,4,0.14577919,5,5
57,5,0.11992559,8,7
57,6,0.11992559,8,7
57,7,0.13620463,4,4
57,8,0.06992914,9,7
57,9,0.053571798,8,7
57,10,0.16006471,9,8
57,11,0.11566519,9,7
57,12,0.098185636,4,4
57,13,0.062399924,14,11
57,14,0.10195873,15,10
57,15,0.099735424,6,6
58,0,1.0000001,9,9
58,1,0.9187537,10,10
58,2,0.65984106,6,6
58,3,0.65984106,6,6
58,4,0.494049,4,4
58,5,0.2048927,3,3
58,6,0.10700239,11,10
58,7,0.1190134,11,9
58,8,0.1190134,11,9
58,9,0.1650293,7,7
58,10,0.115609616,7,7
58,11,0.115609616,7,7
58,12,0.11682911,10,9
58,13,0.06701706,16,13
58,14,0.13670585,13,10
58,15,0.16531855,6,6
59,0,0.9999999,18,16
59,1,0.9999999,18,16
59,2,0.9999999,18,16
59,3,0.84279263,18,15
59,4,0.84279263,18,15
59,5,0.60793453,13,11
59,6,0.60793453,13,11
59,7,0.5429779,18,15
59,8,0.4851675,13,12
59,9,0.42964393,9,9
59,10,0.18754889,5,5
59,11,0.08751951,4,4
59,12,0.017509455,7,6
59,13,-0.0016799513,6,5
59,14,-0.0016799513,6,5
59,15,-0.06842992,7,5
60,0,1.0,15,14
60,1,0.9633205,16,15
60,2,0.9633205,16,15
60,3,0.7694732,10,9
60,4,0.63927054,10,10
60,5,0.6773498,5,5
60,6,0.6773498,5,5
60,7,0.6991577,6,6
60,8,0.37567115,9,9
60,9,0.35971394,7,7
60,10,0.27237934,11,10
60,11,0.27189302,7,6
60,12,0.3929082,11,10
60,13,0.43264672,19,16
60,14,0.25263244,6,5
60,15,0.25263244,6,5
61,0,1.0,8,8
61,1,0.5975732,2,2
61,2,0.5975732,2,2
61,3,0.5574379,2,2
61,4,0.15101898,4,4
61,5,0.2011595,5,5
61,6,0.27091628,6,6
61,7,0.14335002,12,10
61,8,0.06561763,9,9
61,9,0.06561763,9,9
61,10,0.074478626,8,8
61,11,0.08368038,9,7
61,12,0.08368038,9,7
61,13,0.066418305,4,4
61,14,0.047334574,10,9
61,15,0.047334574,10,9
62,0,1.0,5,5
62,1,0.23553339,5,5
62,2,0.26853007,12,11
62,3,-0.01857781,8,8
62,4,0.0012707412,9,9
62,5,0.085107006,8,8
62,6,0.07669298,9,9
62,7,0.100074865,8,8
62,8,0.05592777,7,7
62,9,0.07965383,11,11
62,10,-0.019376837,11,11
62,11,0.12739286,6,6
62,12,0.12739286,6,6
62,13,-0.0029243603,14,14
62,14,0.032743707,9,9
62,15,-0.06960103,14,12
63,0,1.0000002,16,15
63,1,0.81223434,12,10
63,2,0.67865473,13,12
63,3,0.6574914,5,5
63,4,0.5599841,6,6
63,5,0.25596362,8,7
63,6,0.12991095,10,10
63,7,0.097974576,3,3
63,8,0.12708968,8,8
63,9,0.12708968,8,8
63,10,0.12708968,8,8
63,11,0.098205045,8,8
63,12,0.10364665,9,9
63,13,0.10364665,9,9
63,14,0.10788133,8,8
63,15,0.10641287,12,11
64,0,1.0,11,9
64,1,0.5453875,18,17
64,2,0.5453875,18,17
64,3,0.5453875,18,17
64,4,0.5453875,18,17
64,5,0.5453875,18,17
64,6,0.5453875,18,17
64,7,0.5453875,18,17
64,8,0.5453875,18,17
64,9,0.5453875,18,17
64,10,0.5453875,18,17
64,11,0.5453875,18,17
64,12,0.5453875,18,17
64,13,0.5453875,18,17
64,14,0.5512643,18,17
64,15,0.5512643,18,17
65,0,1.0,5,5
65,1,0.5862902,5,5
65,2,0.40578797,10,10
65,3,0.33087242,9,7
65,4,0.18923719,12,10
65,5,0.02771489,8,8
65,6,0.17630619,3,3
65,7,0.042598046,10,10
65,8,-0.031837717,9,9
65,9,-0.027114412,9,9
65,10,-0.057590965,11,11
65,11,-0.042827576,7,7
65,12,0.067620166,7,6
65,13,0.06820487,7,7
65,14,0.054032784,9,7
65,15,0.05147835,6,5
66,0,1.0,33,27
66,1,0.6876323,35,29
66,2,0.639707,31,26
66,3,0.65968394,13,13
66,4,0.30383047,9,9
66,5,0.14261135,10,10
66,6,0.0821742,6,6
66,7,0.054763023,5,5
66,8,-0.026459552,8,8
66,9,-0.042374168,9,8
66,10,0.040385615,11,11
66,11,0.0691031,11,8
66,12,0.0553575,10,7
66,13,0.026662353,7,6
66,14,0.025499962,21,17
66,15,0.019454917,12,10
67,0,1.0000001,7,7
67,1,0.8357179,12,12
67,2,0.7263307,3,3
67,3,0.5445813,4,4
67,4,0.35323918,10,10
67,5,0.16807924,16,15
67,6,0.121084735,14,14
67,7,0.08455464,4,4
67,8,0.31021094,7,7
67,9,0.16039431,5,5
67,10,0.23080659,11,9
67,11,0.30793697,8,8
67,12,0.17766817,6,6
67,13,0.18035042,7,7
67,14,0.18035042,7,7
67,15,0.18022823,7,7
68,0,1.0,17,15
68,1,1.0,17,15
68,2,0.9493055,15,14
68,3,0.70061517,11,10
68,4,0.5282923,10,10
68,5,0.38197947,13,13
68,6,0.5198674,9,8
68,7,0.32342565,9,8
68,8,0.3005322,6,6
68,9,0.075754516,7,7
68,10,0.16264394,6,6
68,11,0.025903476,10,10
68,12,0.07590166,5,5
68,13,0.08507463,4,4
68,14,0.08315841,7,6
68,15,0.049923263,9,8
69,0,1.0,10,9
69,1,0.53788394,9,9
69,2,0.37975815,9,8
69,3,0.36552793,10,9
69,4,0.37120557,8,7
69,5,0.24825397,13,12
69,6,0.2344608,11,9
69,7,0.08354768,7,7
69,8,0.10373765,8,8
69,9,0.08637931,12,9
69,10,0.041506656,10,9
69,11,-0.045782026,7,7
69,12,-0.009291321,4,4
69,13,0.008563952,11,11
69,14,0.057787523,5,5
69,15,-0.010691993,4,4
70,0,1.0000002,17,16
70,1,0.56362915,16,13
70,2,0.56362915,16,13
70,3,0.40697756,14,10
70,4,0.4500504,6,6
70,5,0.22255097,24,21
70,6,0.2716013,27,20
70,7,0.17008507,11,9
70,8,0.21229987,6,6
70,9,0.17481557,8,8
70,10,0.13049787,11,11
70,11,0.015895514,8,7
70,12,0.059422724,8,8
70,13,-0.0005612895,7,7
70,14,-0.0005612895,7,7
70,15,-0.0005612895,7,7
71,0,1.0,7,7
71,1,0.5411594,13,13
71,2,0.42979705,8,8
71,3,0.18099424,5,5
71,4,0.08821346,13,12
71,5,-0.011411201,21,17
71,6,0.015346341,12,10
71,7,0.0492801,4,4
71,8,0.04443173,6,6
71,9,-0.057801835,13,11
71,10,-0.024776539,9,8
71,11,-0.024776539,9,8
71,12,-0.0015997528,8,7
71,13,-0.0015997528,8,7
71,14,-0.0015997528,8,7
71,15,-0.03635063,8,8
72,0,0.99999994,27,23
72,1,0.49372005,11,11
72,2,0.44707683,8,8
72,3,0.3070993,7,7
72,4,0.06155503,8,8
72,5,-0.09693192,5,5
72,6,-0.025965897,7,6
72,7,-0.061253093,6,6
72,8,-0.08340094,5,5
72,9,-0.06012666,5,5
72,10,-0.09896308,12,9
72,11,-0.053896997,11,10
72,12,-0.009568341,5,5
72,13,-0.052870475,5,5
72,14,-0.13306665,15,11
72,15,-0.107232,5,5
73,0,1.0,9,9
73,1,0.45183358,9,7
73,2,0.16506885,15,14
73,3,0.17884257,10,7
73,4,0.14716099,18,14
73,5,0.1930317,18,14
73,6,0.1930317,18,14
73,7,0.1930317,18,14
73,8,0.1930317,18,14
73,9,0.1930317,18,14
73,10,0.1930317,18,14
73,11,0.1930317,18,14
73,12,0.16714446,9,6
73,13,0.05358034,8,7
73,14,0.08030762,9,8
73,15,0.05661321,7,7
74,0,1.0,7,7
74,1,1.0,7,7
74,2,0.22786959,18,15
74,3,0.17755572,12,9
74,4,0.20867485,5,5
74,5,0.27485096,5,5
74,6,0.14830959,5,5
74,7,0.16749719,7,7
74,8,0.09256317,10,9
74,9,0.13947806,8,8
74,10,0.12805982,9,8
74,11,0.13776341,10,10
74,12,0.16036423,8,8
74,13,0.14008738,9,9
74,14,0.18531236,11,10
74,15,0.13464549,11,10
75,0,1.0,13,13
75,1,0.5217744,9,8
75,2,0.3467477,20,16
75,3,0.13230598,23,21
75,4,0.36022192,12,11
75,5,0.3372375,9,9
75,6,0.3372375,9,9
75,7,-0.0036573522,19,13
75,8,0.030417249,3,3
75,9,0.04435265,11,10
75,10,0.047761615,13,11
75,11,0.018860575,6,6
75,12,0.068991005,4,4
75,13,0.078149706,3,3
75,14,0.033225767,6,6
75,15,0.0040569566,6,6
76,0,0.9999998,7,7
76,1,0.77403814,15,12
76,2,0.38044634,7,7
76,3,0.29056376,8,8
76,4,0.4563693,5,5
76,5,0.30952656,19,16
76,6,0.33048248,8,8
76,7,0.37358397,8,7
76,8,0.21892546,5,5
76,9,0.03739211,8,8
76,10,0.086633995,18,16
76,11,0.11045137,9,9
76,12,0.082871705,14,13
76,13,0.07850846,8,8
76,14,0.10584186,9,9
76,15,0.09049128,10,9
77,0,1.0,32,22
77,1,0.7464742,7,7
77,2,0.7041359,7,7
77,3,0.6358055,10,9
77,4,0.28641456,5,5
77,5,0.03891657,13,12
77,6,-0.038806587,17,11
77,7,-0.04358481,14,9
77,8,-0.028235618,8,8
77,9,-0.00367634,7,7
77,10,-0.00367634,7,7
77,11,-0.021943834,13,12
77,12,0.065036505,14,13
77,13,0.082816444,9,8
77,14,0.021363534,8,8
77,15,0.0137401,10,9
78,0,1.0,12,12
78,1,0.526551,13,12
78,2,0.526551,13,12
78,3,0.526551,13,12
78,4,0.5350342,14,13
78,5,0.5350342,14,13
78,6,0.5350342,14,13
78,7,0.5350342,14,13
78,8,0.5350342,14,13
78,9,0.5352791,15,14
78,10,0.3757285,13,12
78,11,0.42030227,10,10
78,12,0.48842236,11,11
78,13,0.59218985,7,7
78,14,0.30526733,12,10
78,15,0.1651403,10,9
79,0,1.0,10,10
79,1,0.9295593,10,10
79,2,0.4122255,10,10
79,3,0.13447952,14,13
79,4,0.07531616,10,9
79,5,0.0671933,7,6
79,6,0.11433506,5,5
79,7,0.12478553,13,13
79,8,0.04955496,13,13
79,9,0.06037389,9,8
79,10,0.078180715,8,8
79,11,0.11559588,6,5
79,12,0.109705985,8,7
79,13,0.11096576,7,7
79,14,0.17439902,6,5
79,15,0.11391378,8,8
80,0,1.0000001,32,25
80,1,0.88841355,17,15
80,2,0.86889994,16,13
80,3,0.6221475,10,10
80,4,0.6622784,8,8
80,5,0.5789461,17,16
80,6,0.6021771,15,15
80,7,0.6326232,9,9
80,8,0.6326232,9,9
80,9,0.6326232,9,9
80,10,0.6129156,5,5
80,11,0.18586811,7,7
80,12,0.18586811,7,7
80,13,0.18145257,10,9
80,14,0.17885008,11,11
80,15,0.2145854,8,7
81,0,1.0,6,6
81,1,0.6585755,11,11
81,2,0.31378877,5,5
81,3,0.28995153,5,5
81,4,0.12882505,12,12
81,5,0.13716407,8,8
81,6,0.13716407,8,8
81,7,0.10034747,11,10
81,8,0.24518795,13,11
81,9,0.15894097,11,11
81,10,-0.03493578,6,6
81,11,0.009966999,8,7
81,12,0.11454643,13,13
81,13,0.101790495,9,9
81,14,0.058324106,6,6
81,15,0.015342839,20,18
82,0,1.0000002,7,7
82,1,0.8079151,15,13
82,2,0.6877591,14,12
82,3,0.6877591,14,12
82,4,0.6877591,14,12
82,5,0.44250137,12,12
82,6,0.34935138,4,4
82,7,0.24681178,8,8
82,8,0.12013468,7,7
82,9,0.28404874,4,4
82,10,0.28306398,8,8
82,11,0.13059542,4,4
82,12,0.091047615,11,9
82,13,0.12640713,8,8
82,14,0.14915055,6,6
82,15,0.109261505,8,8
83,0,1.0,11,11
83,1,0.7413074,7,7
83,2,0.13763654,5,5
83,3,0.14343132,5,5
83,4,0.09336683,5,5
83,5,0.1876549,9,8
83,6,0.15999463,9,8
83,7,0.1494421,10,9
83,8,0.119937986,11,10
83,9,0.04717195,11,8
83,10,0.07441309,8,8
83,11,0.080338016,6,5
83,12,0.080338016,6,5
83,13,0.093237184,8,8
83,14,0.07492757,11,9
83,15,0.03714078,7,7
84,0,1.0,12,12
84,1,0.46688783,13,13
84,2,0.082300246,1,1
84,3,0.045879934,3,3
84,4,0.042728037,8,8
84,5,0.042728037,8,8
84,6,0.050999366,8,8
84,7,0.01562861,7,6
84,8,0.016255327,11,11
84,9,-0.0068112398,9,9
84,10,0.0058879033,9,9
84,11,0.00832746,11,10
84,12,0.0013049878,11,10
84,13,0.0068822717,11,10
84,14,0.0242771,10,9
84,15,0.073986664,7,7
85,0,0.99999994,11,11
85,1,0.6677997,19,17
85,2,0.3319586,18,14
85,3,0.3735899,11,11
85,4,0.3549989,4,4
85,5,0.09786233,7,7
85,6,0.055020954,12,12
85,7,0.14171022,6,6
85,8,0.15210786,7,6
85,9,0.10464041,10,8
85,10,0.059186205,7,7
85,11,-0.0011940934,5,5
85,12,0.06454378,19,18
85,13,0.08217482,9,9
85,14,0.08333893,7,7
85,15,0.086475335,6,5
86,0,1.0000001,5,5
86,1,0.7360517,8,8
86,2,0.76679325,6,6
86,3,0.76679325,6,6
86,4,0.76679325,6,6
86,5,0.58312505,14,13
86,6,0.5567884,12,11
86,7,0.6096357,5,5
86,8,0.57120955,6,6
86,9,0.30753362,7,7
86,10,0.30881983,7,7
86,11,0.19786192,14,13
86,12,0.27925038,16,14
86,13,0.05664569,4,4
86,14,0.037896328,6,6
86,15,0.09791324,7,7
87,0,1.0000001,11,11
87,1,0.6437942,6,6
87,2,0.4911247,11,11
87,3,0.29016,13,12
87,4,0.16929597,7,7
87,5,0.33708584,18,17
87,6,0.33708584,18,17
87,7,0.24063896,8,8
87,8,0.044439364,11,10
87,9,-0.0261521,12,12
87,10,0.07770419,10,9
87,11,0.011501737,9,9
87,12,0.02636768,5,5
87,13,0.056537688,4,4
87,14,0.022340909,8,8
87,15,0.016629077,12,10
88,0,0.99999976,11,11
88,1,0.3194393,10,10
88,2,0.09377041,13,12
88,3,0.11805092,13,12
88,4,0.052820805,11,11
88,5,-0.024595693,10,10
88,6,-0.064259395,9,9
88,7,-0.07461709,13,12
88,8,0.015789628,8,8
88,9,0.014602391,9,9
88,10,-0.027840082,10,10
88,11,0.0526227,11,11
88,12,0.1271292,11,10
88,13,0.035542015,6,6
88,14,0.12783249,9,9
88,15,0.04407952,8,7
89,0,1.0000001,34,21
89,1,1.0000001,34,21
89,2,0.9852858,33,20
89,3,0.9768251,29,20
89,4,0.9768251,29,20
89,5,0.9768251,29,20
89,6,0.9034581,30,21
89,7,0.9192655,27,20
89,8,0.1871624,2,2
89,9,0.14000529,2,2
89,10,0.14000529,2,2
89,11,0.14000529,2,2
89,12,0.14000529,2,2
89,13,0.14000529,2,2
89,14,0.14000529,2,2
89,15,0.14000529,2,2
90,0,1.0,15,14
90,1,0.41507944,16,14
90,2,0.34683895,8,8
90,3,0.38147187,9,9
90,4,0.1771205,5,5
90,5,0.015084575,9,9
90,6,0.017530462,8,8
90,7,0.11029517,3,3
90,8,0.05834482,12,12
90,9,0.062078357,9,8
90,10,0.06434479,6,6
90,11,0.09868915,6,5
90,12,0.016793024,9,8
90,13,0.038045816,5,5
90,14,-0.028568894,4,4
90,15,-0.018571485,7,6
91,0,1.0000002,16,12
91,1,0.880529,11,9
91,2,0.6415419,7,7
91,3,0.68385303,6,6
91,4,0.48642495,13,12
91,5,0.45491937,11,11
91,6,0.45491937,11,11
91,7,0.45491937,11,11
91,8,0.04521605,3,3
91,9,-0.05408125,6,6
91,10,-0.015790148,3,3
91,11,-0.015790148,3,3
91,12,-0.03157615,3,3
91,13,-0.0036183689,7,6
91,14,-0.0036183689,7,6
91,15,-0.07664552,12,9
92,0,1.0,6,6
92,1,0.15173452,13,13
92,2,0.23486027,8,8
92,3,0.075803325,8,7
92,4,0.094562754,9,9
92,5,0.06748923,9,9
92,6,0.077456884,8,7
92,7,0.15553907,7,5
92,8,0.1664168,7,7
92,9,0.07696889,8,8
92,10,0.11002654,3,3
92,11,0.031503834,10,9
92,12,0.031503834,10,9
92,13,0.07769808,9,9
92,14,0.057628263,9,9
92,15,0.08668065,7,7
93,0,1.0000001,5,5
93,1,0.16896135,7,7
93,2,0.045264587,11,9
93,3,0.18899675,8,8
93,4,0.06577082,8,8
93,5,0.10610534,12,9
93,6,0.23816416,8,7
93,7,0.3480533,3,3
93,8,0.26227292,6,5
93,9,0.28363347,6,6
93,10,0.2093912,8,7
93,11,0.2921734,6,5
93,12,0.25347063,3,3
93,13,0.28525463,8,6
93,14,0.08339764,10,8
93,15,0.106101215,7,6
94,0,1.0,26,23
94,1,0.59470725,5,5
94,2,0.59470725,5,5
94,3,0.58576566,16,13
94,4,0.4591251,9,9
94,5,0.4706986,6,6
94,6,0.21057901,8,8
94,7,0.17017569,7,7
94,8,0.17017569,7,7
94,9,0.11627234,8,8
94,10,0.07432781,13,10
94,11,0.06136024,4,4
94,12,0.008803423,18,16
94,13,0.008803423,18,16
94,14,0.007220477,14,12
94,15,-0.044332206,12,12
95,0,1.0000001,6,6
95,1,0.74359196,15,15
95,2,0.5606215,20,18
95,3,0.39862898,14,12
95,4,0.2640788,15,14
95,5,0.30260798,6,6
95,6,0.30260798,6,6
95,7,0.059910506,8,8
95,8,0.06478639,7,7
95,9,0.08506207,13,11
95,10,0.17805542,9,7
95,11,0.11272212,88,23
95,12,0.11480723,4,4
95,13,0.1713115,8,8
95,14,0.2018455,25,20
95,15,0.27715296,7,7
96,0,1.0,11,11
96,1,0.5765967,6,6
96,2,0.3743833,16,14
96,3,0.38681403,7,6
96,4,0.38547522,6,6
96,5,0.33672616,6,6
96,6,0.29160115,6,6
96,7,0.33672616,6,6
96,8,0.33672616,6,6
96,9,0.26174244,10,9
96,10,0.2398737,10,10
96,11,-0.013841322,20,18
96,12,0.07217159,8,6
96,13,0.07217159,8,6
96,14,0.047181983,15,10
96,15,0.07217159,8,6
97,0,1.0000002,16,14
97,1,0.7480522,14,13
97,2,0.7760695,11,10
97,3,0.7154101,12,11
97,4,0.69458824,17,13
97,5,0.624624,16,13
97,6,0.59844935,13,12
97,7,0.67317563,18,15
97,8,0.3948102,11,10
97,9,0.42776412,8,7
97,10,0.08203048,13,11
97,11,0.040062964,13,12
97,12,0.052055314,6,6
97,13,0.052055314,6,6
97,14,-0.061654158,8,7
97,15,-0.07306117,5,5
98,0,1.0,5,5
98,1,0.73939484,6,6
98,2,0.46765795,12,12
98,3,0.36147112,14,13
98,4,0.37837064,13,13
98,5,0.37837064,13,13
98,6,0.3798368,13,13
98,7,0.3798368,13,13
98,8,0.3798368,13,13
98,9,0.36913407,20,16
98,10,0.38343036,17,15
98,11,0.38343036,17,15
98,12,0.38343036,17,15
98,13,0.40141547,12,11
98,14,0.38705975,21,17
98,15,0.3911676,12,11
99,0,1.0000001,8,8
99,1,0.4568534,7,7
99,2,0.420442,13,13
99,3,0.39819804,9,9
99,4,0.11850524,10,10
99,5,0.11850524,10,10
99,6,0.041744567,10,10
99,7,0.018113334,10,10
99,8,0.25260407,4,4
99,9,0.14763215,5,5
99,10,0.1438686,3,3
99,11,0.1554124,5,5
99,12,0.1523235,8,8
99,13,0.056731112,11,10
99,14,0.04435654,12,11
99,15,0.04435654,12,11
